X-axis,Y-axis
103.67,0.0
32.0357918068508,98.59602904431857
-83.87079180685079,60.935697105160706
-83.87079180685082,-60.93569710516068
32.03579180685078,-98.59602904431858
103.67,0.0
